,Felis_catus,Canis_lupus_familiaris,Mus_musculus,Sus_scrofa,Gallus_gallus,Anas_platyrhynchos,Mustela_putorius_furo,Homo_sapiens,Rattus_norvegicus,Manis_javanica,Ophiophagus_hannah,Chrysemys_picta_bellii,Chelonia_mydas,Pelodiscus_sinensis,Rhinolophus_affinis,Civettictis_civetta
TTT,16.07,16.85,15.82,16.09,16.78,17.64,15.81,17.22,15.99,16.11,18.68,17.52,18.51,19.7,19.36,16.72
TTC,18.81,18,18.65,18.49,17.05,16.95,18.99,17.51,19.47,19.29,12.99,17.26,17.55,16.86,17.51,28.52
TTA,7.83,8.54,7.27,8.01,8.42,9.15,8,8.82,7.28,7.44,10.91,9.62,9.92,11.17,12.24,8.85
TTG,12.85,13.31,13.16,12.66,13.64,14.01,12.88,13.47,13.39,12.54,18.98,14.28,14.63,15.65,17.44,15.24
CTT,12.81,13.62,13.37,13.14,13.89,14.55,13.1,14.17,13.54,13.13,14.77,14.3,14.87,15.83,13.47,13.77
CTC,19.14,18.45,18.73,19.23,15.51,15.58,19.44,17.81,19.07,19.61,12.74,14.94,14.7,14.27,21.79,21.14
CTA,6.83,7.59,8,6.37,6.8,7.46,6.85,7.48,8.15,6.94,7.31,8.69,8.77,9.28,7.01,5.41
CTG,38.53,36.71,37.01,38.33,35.12,32.95,38.49,36.01,37.51,40.54,27.51,32.9,31.69,29.12,30.91,43.26
ATT,14.71,16.06,14.54,14.67,16.63,17.2,14.93,16.58,14.67,14.92,26.39,18.33,18.92,20.2,22.79,22.12
ATC,19.85,19.31,20.21,19.7,18.18,17.99,19.82,18.68,20.39,19.61,17.87,18.62,18.32,17.46,20.9,17.7
ATA,7.3,8.06,7.22,7.25,9.42,10.05,7.29,8.16,7.39,7.04,12.28,10.43,10.76,11.68,9.93,8.85
ATG,20.89,21.39,21.65,21.02,22.01,22.23,20.89,21.48,21.7,21.17,21.42,22.75,23.11,23.24,19.17,21.14
GTT,10.62,11.05,10.75,10.78,13.94,14.29,10.64,11.8,10.86,10.52,17.76,13.74,14.23,15,7.08,14.26
GTC,14.36,13.69,14.4,14.54,12.43,12.39,14.58,13.44,14.65,14.59,11.67,12.53,12.39,11.86,13.47,21.14
GTA,6.97,7.57,7.46,6.7,8.53,9.2,6.88,7.71,7.58,6.99,11.52,9.29,9.6,10.19,12.43,6.88
GTG,27.17,26.09,26.38,27.08,25.1,23.5,26.98,25.75,26.79,27.97,28.22,23.66,23.05,22.23,24.25,35.89
TCT,15.43,16.58,17.46,15.65,17.35,17.73,15.78,16.96,17.1,15.65,18.53,17.91,18,19.05,17.47,18.68
TCC,18.6,17.74,18.4,18.68,16.01,15.82,18.91,17.29,18.2,18.26,9.29,16.23,15.78,15.21,24.52,20.65
TCA,12.11,13.31,13.41,12.59,14.5,14.69,12.26,14.19,13.3,12.72,13.91,14.51,14.89,15.69,12.47,16.22
TCG,5.47,4.56,4.32,5.3,4.65,5.07,5.26,4.05,4.28,4.4,2.44,4.38,3.97,3.66,5.54,4.92
CCT,17.81,18.47,20.24,18.12,17.82,17.74,17.89,19.15,19.67,18.77,19.39,17.52,17.83,17.87,18.59,17.21
CCC,21.83,20.06,18.57,21.29,15.93,14.99,21.37,18.86,18.17,20.89,9.34,14.43,13.68,12.44,21.48,18.19
CCA,16.76,17.93,19.25,17.24,18.56,18.3,16.98,18.79,18.59,18.02,19.59,18.98,19.65,19.4,15.82,17.21
CCG,8.91,7.1,6.19,8.31,7.06,6.81,8.41,6.15,6.17,6.8,4.01,5.72,4.92,4.58,6.24,0.49
ACT,12.39,13.61,13.94,12.52,14.62,14.68,12.7,14.3,13.97,13.11,22.28,15.62,15.98,16.7,12.97,18.19
ACC,18.72,17.88,18.18,18.72,14.68,14.39,18.71,17.77,18.21,18.36,17.61,15.77,15.25,14.35,12.86,21.63
ACA,14.13,15.61,16.69,14.51,17.93,18.2,14.64,16.57,16.64,15.17,23.9,18.36,18.79,19.58,18.75,19.67
ACG,7.5,6.13,5.75,7.25,6.88,7,7.27,5.59,5.77,5.94,5.08,5.83,5.48,5.18,8.51,3.93
GCT,17.44,18.52,20.25,18.13,21.67,21.16,17.93,18.89,19.89,19.11,20.76,20.41,20.76,20.85,10.43,15.24
GCC,29.07,26.8,25.22,28.95,19.75,19.23,28.41,25.64,25.26,28.48,12.49,19.8,18.24,17.1,28.56,29.99
GCA,15.09,16.15,16.88,15.74,21.12,20.61,15.09,17.09,16.7,16.44,17.56,19.41,19.89,20.2,12.78,12.29
GCG,8.66,6.85,5.84,7.96,7.21,6.74,8.03,5.94,6.11,6.65,3.2,5.29,4.48,4.35,6.51,3.93
TAT,10.99,11.84,11.05,10.84,11.72,11.85,10.83,12.15,11.21,11.03,19.59,13.41,13.88,14.58,9.97,15.73
TAC,14.43,13.64,14.36,14.22,14.77,15.12,14.48,13.47,14.9,14.43,15.48,14.21,14,13.51,17.74,24.58
TAA,0.41,0.43,0.4,0.42,0.45,0.51,0.43,0.44,0.57,0.44,0.91,0.51,0.78,0.6,0.27,0
TAG,0.36,0.36,0.37,0.34,0.33,0.34,0.36,0.35,0.49,0.37,1.32,0.34,0.49,0.37,0.23,0
CAT,10.28,11.43,11.27,10.37,11.29,11.45,10.51,11.9,11.16,10.86,14.26,12.73,13.15,13.87,15.55,9.34
CAC,15.67,14.75,15.25,15.56,14.1,13.7,15.45,14.62,15.47,15.65,9.54,13.18,13.08,12.45,8.97,11.31
CAA,12.39,13.65,13.11,12.36,14.55,15.55,12.46,14.17,12.96,11.97,16.95,15.97,16.01,17.37,14.51,9.83
CAG,36.19,35.89,36.92,36.95,34.46,33.81,36.74,35.28,36.13,36.8,22.69,33.79,32.67,31.24,25.94,22.62
AAT,16.18,17.82,15.85,16.47,18.49,19.43,16.45,18.52,15.5,16.11,25.88,20.53,21.06,22.76,30.18,19.67
AAC,19.3,18.31,19.72,18.91,19.93,20.66,18.87,18.27,19.65,18.21,20.86,19.93,19.96,19.12,25.29,23.6
AAA,25,26.64,23.91,25.23,29.21,31.21,25.22,27.77,23.75,23.77,41.97,32.21,32.69,35.02,30.18,22.62
AAG,32.34,32.35,33.99,32.44,31.7,31.07,32.58,31.79,34.05,31.79,27.51,30.85,30.64,29.32,27.25,32.45
GAT,21.66,23.43,22.27,22.06,26.79,26.43,21.71,24.09,21.52,21.77,29.28,26.79,27,28.14,33.56,19.17
GAC,26.52,24.64,26.31,26.13,22.69,23,26.31,24.25,26.43,25.73,21.98,22.64,22.02,21.27,21.21,26.06
GAA,30.81,32.73,30.33,31.11,34.36,36.87,30.94,33.85,29.67,29.27,36.29,35.86,35.83,38.99,24.63,25.57
GAG,41.71,40.47,41.5,41.53,38.91,37.14,41.7,39.4,40.83,41.55,22.59,38.19,36.13,34.05,29.79,34.91
TGT,9.95,10.28,10.67,9.65,9.71,9.87,9.97,10.47,11.02,10.23,21.98,10.28,10.93,11.49,12.55,7.37
TGC,11.37,11.05,10.88,11.46,11.89,11.62,11.32,10.83,11.46,12.07,22.74,10.87,11.25,10.77,11.09,9.34
TGA,0.79,0.77,0.78,0.82,0.73,0.69,0.83,0.8,1.18,0.87,1.37,0.66,1.22,0.73,0.42,0.49
TGG,11.51,11.59,11.29,11.48,11.19,11.1,11.68,11.66,11.87,12.13,10.25,11.05,11.58,11.27,10.47,7.87
CGT,4.53,4.47,4.64,4.39,5.47,5.09,4.45,4.56,4.76,4.65,5.84,4.81,4.97,4.95,5.31,4.42
CGC,10.32,9.38,8.63,10.13,8.89,7.83,9.92,8.71,8.57,10.1,4.21,7.3,6.57,5.95,7.12,5.41
CGA,6.44,6.42,6.95,6.48,5.63,5.84,6.3,6.42,6.78,6.1,5.02,5.8,5.91,5.98,8.7,4.42
CGG,12.56,11.38,10.54,12.04,9.03,8.28,12.31,10.62,10.3,12.11,3.81,8.25,7.57,6.91,9.31,9.83
AGT,12.85,13.69,14.22,13.16,14.02,14.11,13.18,14.06,13.98,13.28,14.26,14.86,14.98,15.86,15.9,14.26
AGC,20.64,19.8,20.95,21.02,21.06,20.62,20.69,19.66,20.25,20.63,10.4,19.26,18.77,17.75,22.48,19.17
AGA,12.31,13.14,13.05,12.47,14.18,14.81,12.49,13.4,13.27,11.94,12.69,15.27,15.9,16.42,8.08,7.37
AGG,12.48,12.46,12.93,12.55,12.55,12.65,12.38,12.17,13.08,12.85,10.61,12.2,12.5,11.86,7.04,11.8
GGT,10.3,10.48,11.09,10.13,11.94,11.5,10.24,10.82,11.23,10.8,13.09,10.78,11.47,11.25,18.05,10.82
GGC,22.18,20.54,19.82,21.92,17.41,16.69,21.28,19.73,19.7,22.28,12.13,15.64,14.98,13.93,20.9,22.12
GGA,16.2,16.66,16.84,16.09,18.67,19.05,16.17,17.19,16.82,15.84,23.35,18.24,19.11,19.19,13.01,13.27
GGG,16.64,15.92,14.9,16.28,14.69,13.81,16.56,15.26,14.98,17.18,10.76,14.58,14.31,13.14,11.05,15.24
