,Canis familiaris,Felis catus,Gallus gallus,Homo sapiens,Mus musculus,Mustela putorius,Rattus norvegicus,Sus scrofa,Anas,Civet
TTT,0.018267136,0.010110579,0.332911544,0.439757659,0.076661382,0.02332325,0.172491998,0.082447232,0,0
TTC,0.022624434,0.010612245,0.35388235,0.45,0.115131579,0.036423841,0.19594574,0.084677419,0,0
TTA,0.009049774,0.016060917,0.106164705,0.125,0.115131579,0.013245033,0.088888889,0.016129032,0,0
TTG,0.020361991,0.022040816,0.21232941,0.3,0.180921053,0.033112583,0.066666667,0.040322581,0,0
TCT,0.022624434,0.007305133,0.318494115,0.275,0.17542531,0.026490066,0.244444444,0.040322581,0,0
TCC,0.022624434,0.007346939,0.318494115,0.275,0.148026316,0.026490066,0.199847584,0.040322581,0,0
TCA,0.033042847,0.015834271,0.423658823,0.204630773,0.178138462,0.036398506,0.333333333,0.03255675,0,0
TCG,0.029411765,0.015510204,0.21232941,0.2,0.098684211,0.026490066,0.155555556,0.036290323,0,0
TAT,0.016440422,0.007745211,0.53265847,0.391464716,0.120467886,0.019082659,0.037567444,0.066742997,0,0
TAC,0.020361991,0.008163265,0.56621176,0.4,0.180921053,0.029801325,0.044444444,0.068548387,0,0
TGT,0.038360985,0.025601,0.366202698,0.782360413,0.673544931,0.053007386,0.75134888,0.094331608,0,0
TGC,0.047511312,0.026938776,0.389270585,0.8,1,0.082781457,0.888888889,0.096774194,0,0
TGG,0.015837104,0.033469388,0.247717645,0.25,0.148026316,0.039735099,0.2,0.028225806,0,0
CTT,0.009049774,0.004897959,0.106164705,0.325,0.082236842,0.01986755,0.022222222,0.032258065,0,0
CTC,0.009049774,0.004897959,0.106164705,0.325,0.065789474,0.01986755,0.018167962,0.032258065,0,0
CTA,0.017742026,0.03024305,0.164811764,0.22365455,0.130187652,0.030610138,0.044444444,0.030077658,0,0
CTG,0.024886878,0.031020408,0.318494115,0.325,0.230263158,0.029801325,0.133333333,0.040322581,0,0
CCT,0.018099548,0.007305133,0.247717645,0.299430981,0.142530573,0.029801325,0.733333333,0.036290323,0,0
CCC,0.018099548,0.007346939,0.247717645,0.3,0.121710526,0.029801325,0.599542753,0.036290323,0,0
CCA,0.035484051,0.059915904,0.360968627,0.329630773,0.234616033,0.049226465,0.866666667,0.027284946,0,0
CCG,0.027149321,0.06122449,0.247717645,0.325,0.180921053,0.029801325,0.2,0.028225806,0,0
CAT,0.016440422,0.01402499,0.199746926,0.24430981,0.125963629,0.018153326,0.18783722,0.039260587,0,0
CAC,0.020361991,0.014693878,0.21232941,0.25,0.177631579,0.026490066,0.222222222,0.040322581,0,0
CAA,0.097285068,0.639468772,0.07077647,0.225,0.128011215,0.12541074,0.133333333,0.036290323,0,0
CAG,0.142533937,0.676734694,0.247717645,0.8,0.3125,0.178807947,0.355555556,0.084677419,0,0
CGT,0.013574661,0.014317628,0.28310588,0.175,0.098684211,0.01986755,0.133333333,0.028225806,0,0
CGC,0.013574661,0.014693878,0.28310588,0.175,0.078947368,0.01986755,0.109007773,0.028225806,0,0
CGA,0.046975029,0.985364575,0.321537255,0.216583219,0.159514656,0.113391595,0.244444444,0.028838112,0,0
CGG,0.042986425,1,0.14155294,0.25,0.131578947,0.112582781,0.177777778,0.032258065,0,0
ATT,0.020361991,0.008163265,0.247717645,0.498292943,0.208320047,0.033112583,0.266666667,0.052419355,0,0
ATC,0.020361991,0.008163265,0.247717645,0.5,0.174342105,0.033112583,0.218015546,0.052419355,0,0
ATA,0.030869784,0.012854063,0.290192157,0.286702103,0.23679247,0.045498132,0.333333333,0.036275388,0,0
ATG,0.052036199,0.019591837,0.49543529,0.525,0.3125,0.066225166,0.288888889,0.092741935,0,0
ACT,0.018099548,0.007346939,0.14155294,0.25,0.180921053,0.033112583,0.2,0.052419355,0,0
ACC,0.018099548,0.007346939,0.14155294,0.25,0.144736842,0.033112583,0.16351166,0.052419355,0,0
ACA,0.026434277,0.015568657,0.266933332,0.245118884,0.207465466,0.052120649,0.311111111,0.048372162,0,0
ACG,0.020361991,0.017959184,0.21232941,0.3,0.131578947,0.039735099,0.2,0.048387097,0,0
AAT,0.040623429,0.025768222,0.366202698,0.953946299,0.142371138,0.045311095,0.28175583,0.078733572,0,0
AAC,0.049773756,0.026938776,0.389270585,0.975,0.213815789,0.059602649,0.333333333,0.080645161,0,0
AAA,0.07909614,0.043569889,0.21232941,0.494023777,0.230263158,0.120014111,0.022222222,0.155704898,0,0
AAG,1,0.764897959,0.42465882,1,0.657894737,1,0.444444444,0.217741935,0,0
AGT,0.014613709,0.010926906,0.233038081,0.220447848,0.087613008,0.025443545,0.247626886,0.039260587,0,0
AGC,0.018099548,0.011428571,0.247717645,0.225,0.131578947,0.039735099,0.284834629,0.040322581,0,0
AGA,0.020361991,0.045183058,0.14155294,0.159511888,0.098684211,0.052980132,0.155555556,0.028225806,0,0
AGG,0.085972851,0.087346939,0.247717645,0.325,0.180921053,0.122516556,0.311111111,0.044354839,0,0
GTT,0.013574661,0.006530612,0.281008799,0.275,0.142530573,0.026490066,0.177777778,0.044248639,0,0
GTC,0.013574661,0.006530612,0.28310588,0.275,0.121710526,0.026490066,0.145343698,0.044354839,0,0
GTA,0.024350595,0.009303659,0.325580392,0.229630773,0.15237919,0.043021022,0.244444444,0.056750299,0,0
GTG,0.029411765,0.012244898,0.35388235,0.625,0.246710526,0.043046358,0.222222222,0.092741935,0,0
GCT,0.031674208,0.015468399,0.84931764,0.825,0.422095978,0.049668874,0.837567444,0.092741935,0,0
GCC,0.031674208,0.015510204,0.84931764,0.825,0.368421053,0.049668874,0.698491084,0.092741935,0,0
GCA,0.055309759,0.01807609,1,0.563892318,0.477152672,0.069902827,1,0.084961171,0,0
GCG,0.033936652,0.013877551,0.389270585,0.375,0.345394737,0.043046358,0.288888889,0.084677419,0,0
GAT,0.028272164,0.007787016,0.332911544,0.46418864,0.175226017,0.016962363,0.326200274,0.421150272,0,0
GAC,0.033936652,0.008163265,0.35388235,0.475,0.263157895,0.026490066,0.369669258,0.431451613,0,0
GAA,0.038282777,0.01279561,0.318494115,0.475,0.131578947,0.023178808,0.266666667,0.959976105,0,0
GAG,0.083710407,0.048163265,0.56621176,0.775,0.361842105,0.086092715,0.4,1,0,0
GGT,0.02009385,0.009377864,0.233038081,0.366464716,0.197169127,0.019082659,0.206620942,0.074595115,0,0
GGC,0.024886878,0.009795918,0.247717645,0.375,0.273026316,0.029801325,0.244444444,0.076612903,0,0
GGA,0.024886878,0.040285098,0.247717645,0.275,0.157338219,0.029801325,0.2,0.040322581,0,0
GGG,0.045248869,0.044081633,0.389270585,0.525,0.246710526,0.043046358,0.311111111,0.064516129,0,0
TGA,0,0,0,0,0,0,0,0,0,0
TAA,0,0,0,0,0,0,0,0,0,0
TAG,0,0,0,0,0,0,0,0,0,0
